{"stats":{"minecraft:crafted":{"minecraft:crafting_table":1,"minecraft:wooden_pickaxe":1,"spartanweaponry:handle":1,"minecraft:furnace":1,"minecraft:air":0,"spartanweaponry:stone_longsword":1,"minecraft:stick":4,"minecraft:iron_ingot":3,"minecraft:iron_pickaxe":1,"minecraft:stone_pickaxe":1,"minecraft:acacia_planks":12,"minecraft:torch":4},"minecraft:mined":{"minecraft:crafting_table":2,"minecraft:granite":1,"minecraft:acacia_log":4,"minecraft:grass_block":3,"minecraft:tall_grass":1,"travelersbackpack:white_sleeping_bag":1,"minecraft:copper_ore":2,"minecraft:deepslate_gold_ore":1,"minecraft:lapis_ore":1,"minecraft:diorite":3,"minecraft:deepslate_copper_ore":2,"minecraft:hay_block":2,"minecraft:furnace":1,"minecraft:iron_ore":12,"minecraft:andesite":2,"minecraft:deepslate_lapis_ore":2,"minecraft:grass":17,"minecraft:skeleton_wall_skull":1,"minecraft:coal_ore":2,"minecraft:deepslate_iron_ore":6,"minecraft:stone":24,"minecraft:gold_ore":1,"minecraft:deepslate":3},"minecraft:used":{"spartanweaponry:stone_longsword":17,"minecraft:diorite":3,"minecraft:stone_pickaxe":51,"minecraft:wooden_pickaxe":9,"spartanweaponry:stone_halberd":2,"minecraft:crafting_table":3,"minecraft:apple":2,"minecraft:iron_pickaxe":6,"spartanweaponry:wooden_scythe":53,"minecraft:beef":2,"minecraft:furnace":1,"minecraft:acacia_planks":1},"minecraft:dropped":{"minecraft:leather":2,"minecraft:apple":2,"minecraft:wooden_pickaxe":1},"minecraft:picked_up":{"minecraft:crafting_table":2,"minecraft:andesite":2,"minecraft:leather":5,"minecraft:lapis_lazuli":35,"minecraft:string":2,"minecraft:dirt":3,"minecraft:raw_copper":65,"minecraft:bone":5,"minecraft:wheat_seeds":4,"minecraft:cobbled_deepslate":3,"minecraft:raw_gold":3,"spartanweaponry:stone_halberd":1,"minecraft:beef":4,"minecraft:furnace":1,"spartanweaponry:wooden_scythe":1,"minecraft:raw_iron":51,"minecraft:acacia_log":3,"minecraft:porkchop":11,"minecraft:diorite":3,"minecraft:spider_eye":1,"travelersbackpack:white_sleeping_bag":1,"minecraft:arrow":5,"minecraft:rotten_flesh":2,"minecraft:hay_block":2,"minecraft:granite":1,"minecraft:mutton":4,"minecraft:coal":23,"minecraft:skeleton_skull":1,"minecraft:white_wool":2,"minecraft:cobblestone":24},"minecraft:killed":{"minecraft:pig":4,"minecraft:spider":2,"minecraft:skeleton":3,"minecraft:sheep":2,"minecraft:horse":3,"minecraft:zombie":1,"minecraft:cow":3},"minecraft:custom":{"minecraft:interact_with_furnace":6,"minecraft:mob_kills":19,"minecraft:interact_with_crafting_table":12,"minecraft:open_barrel":1,"minecraft:leave_game":4,"minecraft:time_since_death":59053,"minecraft:sleep_in_bed":1,"minecraft:time_since_rest":15502,"minecraft:sprint_one_cm":34329,"minecraft:damage_taken":1754,"minecraft:walk_one_cm":95488,"minecraft:drop":5,"minecraft:damage_dealt":2515,"minecraft:swim_one_cm":4122,"minecraft:fly_one_cm":74071,"minecraft:open_chest":1,"minecraft:crouch_one_cm":397,"minecraft:play_time":59956,"minecraft:deaths":1,"minecraft:sneak_time":94,"minecraft:walk_under_water_one_cm":1412,"minecraft:jump":587,"minecraft:walk_on_water_one_cm":6149,"minecraft:total_world_time":59956,"minecraft:fall_one_cm":15912}},"DataVersion":3465}