{"stats":{"minecraft:crafted":{"spartanweaponry:stone_longsword":1,"minecraft:crafting_table":1,"minecraft:stick":4,"minecraft:wooden_pickaxe":1,"minecraft:stone_pickaxe":1,"spartanweaponry:handle":1,"minecraft:acacia_planks":12},"minecraft:used":{"minecraft:apple":2,"minecraft:stone_pickaxe":8,"minecraft:wooden_pickaxe":9,"spartanweaponry:wooden_scythe":53,"minecraft:beef":2,"minecraft:crafting_table":2,"minecraft:acacia_planks":1},"minecraft:mined":{"minecraft:hay_block":2,"minecraft:crafting_table":1,"minecraft:grass":17,"minecraft:acacia_log":4,"minecraft:grass_block":3,"minecraft:copper_ore":1,"travelersbackpack:white_sleeping_bag":1,"minecraft:tall_grass":1,"minecraft:lapis_ore":1,"minecraft:stone":14},"minecraft:dropped":{"minecraft:leather":2,"minecraft:apple":2,"minecraft:wooden_pickaxe":1},"minecraft:picked_up":{"minecraft:crafting_table":1,"spartanweaponry:wooden_scythe":1,"minecraft:leather":5,"minecraft:acacia_log":3,"minecraft:porkchop":11,"minecraft:lapis_lazuli":17,"minecraft:dirt":3,"minecraft:spider_eye":1,"minecraft:string":2,"minecraft:raw_copper":2,"travelersbackpack:white_sleeping_bag":1,"minecraft:arrow":2,"minecraft:bone":2,"minecraft:wheat_seeds":4,"spartanweaponry:stone_halberd":1,"minecraft:hay_block":2,"minecraft:beef":4,"minecraft:mutton":4,"minecraft:white_wool":2,"minecraft:cobblestone":14},"minecraft:killed":{"minecraft:sheep":2,"minecraft:horse":3,"minecraft:skeleton":1,"minecraft:pig":4,"minecraft:spider":2,"minecraft:cow":3},"minecraft:custom":{"minecraft:time_since_rest":3502,"minecraft:sprint_one_cm":29865,"minecraft:damage_taken":1234,"minecraft:walk_one_cm":52587,"minecraft:mob_kills":16,"minecraft:drop":5,"minecraft:damage_dealt":2055,"minecraft:interact_with_crafting_table":8,"minecraft:fly_one_cm":65088,"minecraft:open_barrel":1,"minecraft:open_chest":1,"minecraft:crouch_one_cm":365,"minecraft:play_time":47956,"minecraft:deaths":1,"minecraft:sneak_time":92,"minecraft:walk_under_water_one_cm":246,"minecraft:jump":327,"minecraft:leave_game":4,"minecraft:walk_on_water_one_cm":721,"minecraft:time_since_death":47053,"minecraft:sleep_in_bed":1,"minecraft:total_world_time":47956,"minecraft:fall_one_cm":10976}},"DataVersion":3465}