{"stats":{"minecraft:crafted":{"minecraft:cooked_porkchop":5,"minecraft:crafting_table":1,"travelersbackpack:standard":1,"travelersbackpack:backpack_tank":2,"minecraft:wooden_pickaxe":1,"spartanweaponry:handle":1,"minecraft:furnace":1,"minecraft:bread":30,"minecraft:air":0,"minecraft:glass":19,"spartanweaponry:stone_longsword":1,"minecraft:stick":4,"minecraft:iron_ingot":70,"minecraft:iron_pickaxe":1,"minecraft:stone_pickaxe":1,"minecraft:gold_ingot":3,"minecraft:acacia_planks":12,"minecraft:torch":4,"minecraft:wheat":90},"minecraft:mined":{"minecraft:crafting_table":2,"minecraft:granite":1,"minecraft:acacia_log":4,"bakery:wild_strawberries":2,"minecraft:grass_block":3,"minecraft:chest":1,"minecraft:tall_grass":4,"travelersbackpack:white_sleeping_bag":1,"minecraft:copper_ore":2,"minecraft:deepslate_gold_ore":1,"minecraft:lapis_ore":1,"minecraft:diorite":3,"minecraft:deepslate_copper_ore":2,"minecraft:hay_block":10,"minecraft:furnace":1,"minecraft:iron_ore":19,"minecraft:andesite":2,"minecraft:deepslate_lapis_ore":2,"minecraft:grass":23,"minecraft:skeleton_wall_skull":1,"minecraft:coal_ore":4,"minecraft:deepslate_iron_ore":6,"minecraft:sand":19,"minecraft:smooth_basalt":1,"minecraft:stone":26,"minecraft:gold_ore":1,"minecraft:potted_allium":1,"minecraft:deepslate":3},"minecraft:used":{"spartanweaponry:stone_longsword":38,"minecraft:diorite":3,"minecraft:stone_pickaxe":51,"minecraft:wooden_pickaxe":9,"spartanweaponry:stone_halberd":2,"minecraft:crafting_table":3,"minecraft:apple":2,"minecraft:lantern":1,"minecraft:bread":4,"minecraft:iron_pickaxe":21,"spartanweaponry:wooden_scythe":53,"minecraft:smooth_basalt":1,"minecraft:beef":2,"travelersbackpack:standard":1,"minecraft:furnace":2,"minecraft:acacia_planks":1},"minecraft:dropped":{"minecraft:wheat_seeds":5,"minecraft:cobbled_deepslate":3,"minecraft:raw_iron":3,"minecraft:rotten_flesh":5,"spartanweaponry:wooden_dagger":1,"minecraft:leather":3,"minecraft:apple":2,"minecraft:granite":1,"minecraft:dirt":2,"minecraft:flower_pot":1,"minecraft:sea_pickle":2,"minecraft:allium":1,"minecraft:andesite":2,"minecraft:spider_eye":2,"minecraft:glass":5,"minecraft:wooden_pickaxe":1},"minecraft:picked_up":{"minecraft:crafting_table":2,"minecraft:allium":1,"minecraft:flower_pot":1,"minecraft:andesite":2,"minecraft:leather":9,"bakery:strawberry_seeds":1,"minecraft:lapis_lazuli":35,"minecraft:string":4,"minecraft:dirt":3,"minecraft:lantern":1,"minecraft:raw_copper":65,"minecraft:bone":5,"minecraft:sea_pickle":2,"minecraft:wheat_seeds":5,"minecraft:cobbled_deepslate":3,"minecraft:raw_gold":3,"spartanweaponry:stone_halberd":1,"minecraft:beef":6,"minecraft:chest":1,"minecraft:furnace":1,"bakery:strawberry":1,"spartanweaponry:wooden_scythe":1,"minecraft:raw_iron":79,"minecraft:smooth_basalt":1,"minecraft:acacia_log":3,"minecraft:sand":19,"minecraft:porkchop":11,"minecraft:diorite":3,"minecraft:spider_eye":2,"spartanweaponry:iron_battle_hammer":1,"travelersbackpack:white_sleeping_bag":1,"minecraft:arrow":5,"minecraft:rotten_flesh":5,"minecraft:hay_block":10,"minecraft:granite":1,"minecraft:mutton":4,"minecraft:coal":45,"minecraft:skeleton_skull":1,"minecraft:white_wool":2,"minecraft:cobblestone":26},"minecraft:killed":{"minecraft:pig":4,"minecraft:spider":3,"minecraft:skeleton":3,"minecraft:sheep":2,"minecraft:horse":3,"minecraft:zombie":4,"minecraft:cow":4},"minecraft:custom":{"minecraft:interact_with_furnace":57,"minecraft:mob_kills":24,"minecraft:interact_with_crafting_table":22,"minecraft:open_barrel":10,"minecraft:leave_game":4,"minecraft:time_since_death":19852,"minecraft:sleep_in_bed":1,"minecraft:time_since_rest":19880,"minecraft:sprint_one_cm":44397,"minecraft:damage_taken":3069,"minecraft:walk_one_cm":136875,"minecraft:drop":24,"minecraft:damage_dealt":3131,"minecraft:swim_one_cm":4122,"minecraft:fly_one_cm":102745,"minecraft:open_chest":3,"minecraft:crouch_one_cm":399,"minecraft:play_time":83956,"minecraft:deaths":3,"minecraft:sneak_time":186,"minecraft:walk_under_water_one_cm":2891,"minecraft:jump":838,"minecraft:walk_on_water_one_cm":6766,"minecraft:total_world_time":83956,"minecraft:fall_one_cm":22783}},"DataVersion":3465}