{"stats":{"minecraft:crafted":{"minecraft:acacia_planks":12},"minecraft:used":{"minecraft:apple":2,"spartanweaponry:wooden_scythe":30},"minecraft:mined":{"minecraft:hay_block":2,"minecraft:grass":12,"minecraft:acacia_log":4,"minecraft:grass_block":3,"minecraft:tall_grass":1},"minecraft:dropped":{"minecraft:leather":2,"minecraft:apple":2},"minecraft:picked_up":{"spartanweaponry:wooden_scythe":1,"minecraft:leather":5,"minecraft:wheat_seeds":3,"minecraft:acacia_log":3,"minecraft:porkchop":8,"minecraft:hay_block":2,"minecraft:beef":4,"minecraft:dirt":3},"minecraft:killed":{"minecraft:horse":3,"minecraft:pig":3,"minecraft:cow":3},"minecraft:custom":{"minecraft:open_chest":1,"minecraft:time_since_rest":38491,"minecraft:crouch_one_cm":365,"minecraft:play_time":39393,"minecraft:sprint_one_cm":22833,"minecraft:deaths":1,"minecraft:damage_taken":939,"minecraft:walk_one_cm":34438,"minecraft:sneak_time":92,"minecraft:walk_under_water_one_cm":246,"minecraft:mob_kills":9,"minecraft:drop":4,"minecraft:jump":208,"minecraft:damage_dealt":1222,"minecraft:leave_game":4,"minecraft:walk_on_water_one_cm":721,"minecraft:time_since_death":38490,"minecraft:total_world_time":39393,"minecraft:interact_with_crafting_table":2,"minecraft:fall_one_cm":6188,"minecraft:fly_one_cm":46878,"minecraft:open_barrel":1}},"DataVersion":3465}