{"stats":{"minecraft:crafted":{"spartanweaponry:iron_scythe":2,"travelersbackpack:crafting_upgrade":1,"minecraft:cooked_chicken":4,"minecraft:furnace":2,"travelersbackpack:blank_upgrade":4,"minecraft:glass":20,"spartanweaponry:stone_longsword":1,"minecraft:iron_boots":1,"minecraft:stone_pickaxe":1,"minecraft:chest":1,"minecraft:wheat":99,"minecraft:cooked_beef":28,"travelersbackpack:iron_tier_upgrade":1,"minecraft:cooked_porkchop":19,"spartanweaponry:pole":2,"minecraft:crafting_table":2,"travelersbackpack:backpack_tank":4,"travelersbackpack:standard":3,"minecraft:wooden_pickaxe":1,"minecraft:baked_potato":18,"minecraft:iron_helmet":1,"spartanweaponry:handle":2,"minecraft:copper_ingot":10,"minecraft:air":0,"minecraft:bread":70,"minecraft:iron_chestplate":1,"minecraft:stick":12,"minecraft:iron_ingot":81,"minecraft:iron_pickaxe":1,"minecraft:gold_ingot":10,"minecraft:iron_leggings":1,"minecraft:acacia_planks":12,"minecraft:torch":4},"minecraft:used":{"spartanweaponry:stone_longsword":163,"minecraft:netherrack":45,"minecraft:torch":4,"minecraft:dirt":16,"minecraft:soul_sand":4,"spartanweaponry:blaze_head":1,"minecraft:golden_chestplate":1,"minecraft:lantern":1,"minecraft:smooth_basalt":1,"minecraft:brown_carpet":2,"minecraft:beef":2,"minecraft:furnace":4,"spartanweaponry:iron_battle_hammer":16,"minecraft:cooked_beef":1,"minecraft:acacia_planks":1,"minecraft:diorite":3,"minecraft:stone_pickaxe":72,"minecraft:wooden_pickaxe":9,"spartanweaponry:stone_halberd":2,"spartanweaponry:stone_scythe":69,"minecraft:glow_berries":2,"minecraft:crafting_table":6,"bakery:strawberry":1,"minecraft:apple":3,"minecraft:bread":47,"minecraft:iron_pickaxe":73,"spartanweaponry:wooden_scythe":53,"travelersbackpack:standard":11,"minecraft:smithing_table":1},"minecraft:mined":{"minecraft:nether_gold_ore":4,"minecraft:nether_bricks":3,"minecraft:granite":1,"minecraft:acacia_log":4,"minecraft:grass_block":4,"travelersbackpack:white_sleeping_bag":2,"minecraft:spruce_leaves":5,"minecraft:hay_block":11,"minecraft:glowstone":1,"minecraft:furnace":2,"minecraft:iron_ore":22,"minecraft:andesite":2,"minecraft:pumpkin":1,"minecraft:deepslate_lapis_ore":2,"minecraft:skeleton_wall_skull":1,"minecraft:cave_vines":1,"minecraft:deepslate_iron_ore":6,"minecraft:stone":27,"minecraft:potted_allium":1,"minecraft:soul_sand":4,"minecraft:brown_carpet":4,"travelersbackpack:standard":3,"minecraft:clay":1,"minecraft:crafting_table":4,"bakery:wild_strawberries":2,"minecraft:chest":1,"minecraft:nether_quartz_ore":5,"minecraft:tall_grass":4,"minecraft:copper_ore":2,"minecraft:lapis_ore":1,"minecraft:deepslate_gold_ore":1,"minecraft:diorite":3,"minecraft:deepslate_copper_ore":2,"minecraft:wheat":111,"minecraft:ice":2,"minecraft:birch_leaves":1,"minecraft:grass":25,"minecraft:coal_ore":4,"minecraft:sand":20,"minecraft:smooth_basalt":1,"minecraft:netherrack":49,"minecraft:gold_ore":1,"minecraft:deepslate":3},"minecraft:dropped":{"minecraft:acacia_boat":3,"minecraft:soul_sand":6,"minecraft:wheat_seeds":5,"minecraft:golden_helmet":2,"spartanweaponry:wooden_scythe":1,"minecraft:leather":3,"minecraft:apple":2,"minecraft:granite":1,"travelersbackpack:iron_tier_upgrade":1,"spartanweaponry:stone_longsword":1,"travelersbackpack:standard":1,"minecraft:coal":2,"minecraft:dirt":2,"minecraft:mutton":6,"minecraft:bone":5,"minecraft:gold_ingot":2,"spartanweaponry:iron_battle_hammer":3,"minecraft:iron_nugget":7,"minecraft:blaze_rod":4,"minecraft:cobbled_deepslate":3,"minecraft:wheat":2,"minecraft:birch_sapling":1,"minecraft:raw_iron":3,"spartanweaponry:stone_halberd":1,"minecraft:rotten_flesh":5,"spartanweaponry:wooden_dagger":1,"spartanweaponry:stone_scythe":1,"minecraft:nether_bricks":3,"travelersbackpack:gold_tier_upgrade":1,"minecraft:spruce_boat":2,"minecraft:flower_pot":1,"minecraft:sea_pickle":2,"minecraft:allium":1,"minecraft:andesite":2,"minecraft:spider_eye":2,"minecraft:stone_pickaxe":1,"minecraft:glass":5,"minecraft:wooden_pickaxe":1,"minecraft:crying_obsidian":1,"minecraft:netherrack":22},"minecraft:picked_up":{"minecraft:crafting_table":4,"minecraft:wheat":111,"minecraft:allium":1,"minecraft:chicken":4,"minecraft:flower_pot":1,"bakery:strawberry_seeds":1,"minecraft:string":4,"minecraft:raw_copper":116,"minecraft:zombie_head":2,"minecraft:sea_pickle":2,"minecraft:gold_nugget":64,"minecraft:cobbled_deepslate":3,"spartanweaponry:stone_halberd":1,"minecraft:beef":32,"minecraft:chest":1,"minecraft:birch_sapling":1,"minecraft:furnace":2,"minecraft:golden_helmet":1,"minecraft:raw_iron":84,"minecraft:copper_ingot":3,"minecraft:acacia_log":3,"minecraft:porkchop":19,"minecraft:diorite":3,"minecraft:brown_carpet":2,"minecraft:arrow":9,"minecraft:rotten_flesh":9,"minecraft:nether_bricks":3,"minecraft:hay_block":11,"minecraft:snowball":2,"minecraft:blaze_rod":4,"minecraft:glow_berries":1,"minecraft:cobblestone":26,"minecraft:mutton":6,"minecraft:skeleton_skull":1,"minecraft:white_wool":4,"minecraft:feather":3,"minecraft:andesite":2,"minecraft:leather":18,"minecraft:potato":6,"travelersbackpack:gold_tier_upgrade":1,"minecraft:dirt":19,"minecraft:lapis_lazuli":35,"minecraft:acacia_boat":3,"minecraft:lantern":1,"minecraft:bone":10,"minecraft:acacia_planks":1,"minecraft:kelp":1,"minecraft:bow":1,"minecraft:wheat_seeds":316,"minecraft:raw_gold":3,"minecraft:iron_ingot":2,"minecraft:soul_sand":10,"spartanweaponry:wooden_scythe":1,"bakery:strawberry":1,"minecraft:smooth_basalt":1,"minecraft:quartz":31,"spartanweaponry:blaze_head":2,"minecraft:sand":20,"minecraft:crying_obsidian":1,"minecraft:spider_eye":2,"spartanweaponry:iron_battle_hammer":3,"travelersbackpack:white_sleeping_bag":1,"travelersbackpack:standard":4,"minecraft:spruce_boat":2,"minecraft:granite":1,"minecraft:netherrack":67,"minecraft:coal":78},"minecraft:killed":{"minecraft:spider":3,"minecraft:horse":3,"minecraft:skeleton":8,"minecraft:chicken":4,"minecraft:pig":8,"minecraft:sheep":4,"minecraft:zombie":9,"minecraft:blaze":8,"minecraft:cow":15},"minecraft:custom":{"minecraft:interact_with_smithing_table":10,"minecraft:mob_kills":66,"minecraft:interact_with_crafting_table":62,"minecraft:open_barrel":22,"minecraft:leave_game":7,"minecraft:time_since_death":67088,"minecraft:climb_one_cm":208,"minecraft:sprint_one_cm":138711,"minecraft:walk_one_cm":362742,"minecraft:drop":66,"minecraft:play_time":197166,"minecraft:deaths":4,"minecraft:sneak_time":1030,"minecraft:walk_under_water_one_cm":30811,"minecraft:boat_one_cm":165004,"minecraft:jump":2487,"minecraft:walk_on_water_one_cm":25169,"minecraft:total_world_time":197166,"minecraft:interact_with_furnace":101,"minecraft:sleep_in_bed":3,"minecraft:time_since_rest":12812,"minecraft:damage_taken":5773,"minecraft:damage_dealt":8935,"minecraft:swim_one_cm":11066,"minecraft:fly_one_cm":315069,"minecraft:open_chest":46,"minecraft:crouch_one_cm":1081,"minecraft:interact_with_smoker":10,"minecraft:fall_one_cm":72091}},"DataVersion":3465}