{"stats":{"minecraft:crafted":{"minecraft:furnace":2,"minecraft:glass":19,"spartanweaponry:stone_longsword":1,"minecraft:iron_boots":1,"minecraft:stone_pickaxe":1,"minecraft:wheat":90,"minecraft:cooked_beef":4,"minecraft:cooked_porkchop":19,"minecraft:crafting_table":1,"travelersbackpack:backpack_tank":2,"travelersbackpack:standard":1,"minecraft:wooden_pickaxe":1,"minecraft:baked_potato":5,"minecraft:iron_helmet":1,"spartanweaponry:handle":2,"minecraft:copper_ingot":10,"minecraft:air":0,"minecraft:bread":30,"minecraft:iron_chestplate":1,"minecraft:stick":4,"minecraft:iron_ingot":76,"minecraft:iron_pickaxe":1,"minecraft:gold_ingot":3,"minecraft:iron_leggings":1,"minecraft:acacia_planks":12,"minecraft:torch":4},"minecraft:used":{"spartanweaponry:stone_longsword":163,"minecraft:netherrack":45,"minecraft:torch":1,"minecraft:dirt":1,"minecraft:soul_sand":4,"spartanweaponry:blaze_head":1,"minecraft:golden_chestplate":1,"minecraft:lantern":1,"minecraft:smooth_basalt":1,"minecraft:brown_carpet":2,"minecraft:beef":2,"minecraft:furnace":3,"spartanweaponry:iron_battle_hammer":13,"minecraft:acacia_planks":1,"minecraft:diorite":3,"minecraft:stone_pickaxe":72,"minecraft:wooden_pickaxe":9,"spartanweaponry:stone_halberd":2,"spartanweaponry:stone_scythe":64,"minecraft:glow_berries":2,"minecraft:crafting_table":5,"minecraft:apple":3,"minecraft:bread":46,"minecraft:iron_pickaxe":71,"spartanweaponry:wooden_scythe":53,"travelersbackpack:standard":3},"minecraft:mined":{"minecraft:nether_gold_ore":4,"minecraft:nether_bricks":3,"minecraft:granite":1,"minecraft:acacia_log":4,"minecraft:grass_block":4,"travelersbackpack:white_sleeping_bag":1,"minecraft:spruce_leaves":5,"minecraft:hay_block":11,"minecraft:glowstone":1,"minecraft:furnace":1,"minecraft:iron_ore":22,"minecraft:andesite":2,"minecraft:pumpkin":1,"minecraft:deepslate_lapis_ore":2,"minecraft:skeleton_wall_skull":1,"minecraft:cave_vines":1,"minecraft:deepslate_iron_ore":6,"minecraft:stone":27,"minecraft:potted_allium":1,"minecraft:soul_sand":4,"minecraft:brown_carpet":4,"minecraft:clay":1,"minecraft:crafting_table":3,"bakery:wild_strawberries":2,"minecraft:chest":1,"minecraft:nether_quartz_ore":5,"minecraft:tall_grass":4,"minecraft:copper_ore":2,"minecraft:lapis_ore":1,"minecraft:deepslate_gold_ore":1,"minecraft:diorite":3,"minecraft:deepslate_copper_ore":2,"minecraft:wheat":111,"minecraft:birch_leaves":1,"minecraft:grass":25,"minecraft:coal_ore":4,"minecraft:sand":19,"minecraft:smooth_basalt":1,"minecraft:netherrack":49,"minecraft:gold_ore":1,"minecraft:deepslate":3},"minecraft:dropped":{"minecraft:acacia_boat":2,"minecraft:soul_sand":6,"minecraft:wheat_seeds":5,"minecraft:golden_helmet":2,"minecraft:leather":3,"minecraft:apple":2,"minecraft:granite":1,"spartanweaponry:stone_longsword":1,"minecraft:coal":2,"minecraft:dirt":2,"minecraft:mutton":6,"minecraft:gold_ingot":2,"spartanweaponry:iron_battle_hammer":1,"minecraft:iron_nugget":7,"minecraft:blaze_rod":4,"minecraft:cobbled_deepslate":3,"minecraft:birch_sapling":1,"minecraft:raw_iron":3,"spartanweaponry:stone_halberd":1,"minecraft:rotten_flesh":5,"spartanweaponry:wooden_dagger":1,"minecraft:nether_bricks":3,"minecraft:spruce_boat":1,"minecraft:flower_pot":1,"minecraft:sea_pickle":2,"minecraft:allium":1,"minecraft:andesite":2,"minecraft:spider_eye":2,"minecraft:glass":5,"minecraft:wooden_pickaxe":1,"minecraft:crying_obsidian":1,"minecraft:netherrack":22},"minecraft:picked_up":{"minecraft:crafting_table":3,"minecraft:wheat":111,"minecraft:allium":1,"minecraft:chicken":4,"minecraft:flower_pot":1,"bakery:strawberry_seeds":1,"minecraft:string":4,"minecraft:raw_copper":116,"minecraft:zombie_head":1,"minecraft:sea_pickle":2,"minecraft:gold_nugget":64,"minecraft:cobbled_deepslate":3,"spartanweaponry:stone_halberd":1,"minecraft:beef":32,"minecraft:chest":1,"minecraft:birch_sapling":1,"minecraft:furnace":1,"minecraft:golden_helmet":1,"minecraft:raw_iron":84,"minecraft:copper_ingot":3,"minecraft:acacia_log":3,"minecraft:porkchop":19,"minecraft:diorite":3,"minecraft:brown_carpet":2,"minecraft:arrow":9,"minecraft:rotten_flesh":5,"minecraft:nether_bricks":3,"minecraft:hay_block":11,"minecraft:blaze_rod":4,"minecraft:glow_berries":1,"minecraft:cobblestone":26,"minecraft:mutton":6,"minecraft:skeleton_skull":1,"minecraft:white_wool":4,"minecraft:feather":3,"minecraft:andesite":2,"minecraft:leather":18,"minecraft:potato":6,"minecraft:dirt":4,"minecraft:lapis_lazuli":35,"minecraft:acacia_boat":2,"minecraft:lantern":1,"minecraft:bone":10,"minecraft:acacia_planks":1,"minecraft:kelp":1,"minecraft:bow":1,"minecraft:wheat_seeds":316,"minecraft:raw_gold":3,"minecraft:iron_ingot":2,"minecraft:soul_sand":10,"spartanweaponry:wooden_scythe":1,"bakery:strawberry":1,"minecraft:smooth_basalt":1,"minecraft:quartz":31,"spartanweaponry:blaze_head":2,"minecraft:sand":19,"minecraft:crying_obsidian":1,"minecraft:spider_eye":2,"spartanweaponry:iron_battle_hammer":2,"travelersbackpack:white_sleeping_bag":1,"minecraft:spruce_boat":2,"minecraft:granite":1,"minecraft:netherrack":67,"minecraft:coal":78},"minecraft:killed":{"minecraft:spider":3,"minecraft:horse":3,"minecraft:skeleton":8,"minecraft:chicken":4,"minecraft:pig":8,"minecraft:sheep":4,"minecraft:zombie":8,"minecraft:blaze":8,"minecraft:cow":15},"minecraft:custom":{"minecraft:mob_kills":64,"minecraft:interact_with_crafting_table":33,"minecraft:open_barrel":22,"minecraft:leave_game":7,"minecraft:time_since_death":25088,"minecraft:climb_one_cm":208,"minecraft:sprint_one_cm":126379,"minecraft:walk_one_cm":309467,"minecraft:drop":53,"minecraft:play_time":155166,"minecraft:deaths":4,"minecraft:sneak_time":693,"minecraft:walk_under_water_one_cm":21732,"minecraft:boat_one_cm":165004,"minecraft:jump":2313,"minecraft:walk_on_water_one_cm":19898,"minecraft:total_world_time":155166,"minecraft:interact_with_furnace":76,"minecraft:sleep_in_bed":1,"minecraft:time_since_rest":25118,"minecraft:damage_taken":5636,"minecraft:damage_dealt":8477,"minecraft:swim_one_cm":11066,"minecraft:fly_one_cm":295568,"minecraft:open_chest":11,"minecraft:crouch_one_cm":1006,"minecraft:fall_one_cm":67730}},"DataVersion":3465}