{"stats":{"minecraft:picked_up":{"minecraft:wheat_seeds":1,"minecraft:dirt":2},"minecraft:custom":{"minecraft:jump":11,"minecraft:time_since_rest":21026,"minecraft:crouch_one_cm":182,"minecraft:walk_one_cm":11641,"minecraft:leave_game":2,"minecraft:play_time":21928,"minecraft:damage_taken":789,"minecraft:time_since_death":21025,"minecraft:deaths":1,"minecraft:sneak_time":21,"minecraft:total_world_time":21928,"minecraft:fly_one_cm":7838},"minecraft:mined":{"minecraft:grass":2,"minecraft:grass_block":2}},"DataVersion":3465}