{"stats":{"minecraft:crafted":{"minecraft:cooked_beef":4,"minecraft:cooked_porkchop":11,"minecraft:crafting_table":1,"minecraft:baked_potato":5,"minecraft:iron_helmet":1,"travelersbackpack:standard":1,"travelersbackpack:backpack_tank":2,"minecraft:wooden_pickaxe":1,"spartanweaponry:handle":2,"minecraft:furnace":1,"minecraft:copper_ingot":10,"minecraft:bread":30,"minecraft:air":0,"minecraft:glass":19,"spartanweaponry:stone_longsword":1,"minecraft:iron_chestplate":1,"minecraft:iron_boots":1,"minecraft:stick":4,"minecraft:iron_ingot":76,"minecraft:iron_pickaxe":1,"minecraft:stone_pickaxe":1,"minecraft:iron_leggings":1,"minecraft:gold_ingot":3,"minecraft:acacia_planks":12,"minecraft:torch":4,"minecraft:wheat":90},"minecraft:mined":{"minecraft:crafting_table":2,"minecraft:granite":1,"minecraft:acacia_log":4,"bakery:wild_strawberries":2,"minecraft:grass_block":3,"minecraft:chest":1,"minecraft:tall_grass":4,"travelersbackpack:white_sleeping_bag":1,"minecraft:copper_ore":2,"minecraft:deepslate_gold_ore":1,"minecraft:lapis_ore":1,"minecraft:diorite":3,"minecraft:deepslate_copper_ore":2,"minecraft:hay_block":11,"minecraft:furnace":1,"minecraft:iron_ore":19,"minecraft:andesite":2,"minecraft:deepslate_lapis_ore":2,"minecraft:grass":24,"minecraft:skeleton_wall_skull":1,"minecraft:coal_ore":4,"minecraft:deepslate_iron_ore":6,"minecraft:sand":19,"minecraft:smooth_basalt":1,"minecraft:stone":26,"minecraft:gold_ore":1,"minecraft:potted_allium":1,"minecraft:deepslate":3},"minecraft:used":{"spartanweaponry:stone_longsword":48,"minecraft:diorite":3,"minecraft:stone_pickaxe":51,"minecraft:wooden_pickaxe":9,"spartanweaponry:stone_halberd":2,"minecraft:crafting_table":3,"minecraft:apple":2,"minecraft:lantern":1,"minecraft:bread":4,"minecraft:iron_pickaxe":21,"spartanweaponry:wooden_scythe":53,"minecraft:smooth_basalt":1,"minecraft:beef":2,"travelersbackpack:standard":1,"minecraft:furnace":2,"spartanweaponry:iron_battle_hammer":4,"minecraft:acacia_planks":1},"minecraft:dropped":{"minecraft:wheat_seeds":5,"minecraft:cobbled_deepslate":3,"minecraft:raw_iron":3,"minecraft:rotten_flesh":5,"spartanweaponry:wooden_dagger":1,"minecraft:leather":3,"minecraft:apple":2,"minecraft:granite":1,"minecraft:dirt":2,"minecraft:flower_pot":1,"minecraft:sea_pickle":2,"minecraft:allium":1,"minecraft:mutton":4,"minecraft:andesite":2,"minecraft:spider_eye":2,"minecraft:glass":5,"minecraft:wooden_pickaxe":1,"spartanweaponry:iron_battle_hammer":1},"minecraft:picked_up":{"minecraft:crafting_table":2,"minecraft:allium":1,"minecraft:flower_pot":1,"minecraft:andesite":2,"minecraft:leather":9,"minecraft:potato":6,"bakery:strawberry_seeds":1,"minecraft:lapis_lazuli":35,"minecraft:string":4,"minecraft:dirt":3,"minecraft:lantern":1,"minecraft:raw_copper":116,"minecraft:bone":6,"minecraft:sea_pickle":2,"minecraft:wheat_seeds":5,"minecraft:cobbled_deepslate":3,"minecraft:raw_gold":3,"minecraft:iron_ingot":2,"spartanweaponry:stone_halberd":1,"minecraft:beef":6,"minecraft:chest":1,"minecraft:furnace":1,"bakery:strawberry":1,"spartanweaponry:wooden_scythe":1,"minecraft:raw_iron":79,"minecraft:smooth_basalt":1,"minecraft:copper_ingot":3,"minecraft:acacia_log":3,"minecraft:sand":19,"minecraft:porkchop":11,"minecraft:diorite":3,"minecraft:spider_eye":2,"spartanweaponry:iron_battle_hammer":2,"travelersbackpack:white_sleeping_bag":1,"minecraft:arrow":9,"minecraft:rotten_flesh":5,"minecraft:hay_block":11,"minecraft:granite":1,"minecraft:mutton":4,"minecraft:coal":76,"minecraft:skeleton_skull":1,"minecraft:white_wool":2,"minecraft:cobblestone":26},"minecraft:killed":{"minecraft:pig":4,"minecraft:spider":3,"minecraft:skeleton":6,"minecraft:sheep":2,"minecraft:horse":3,"minecraft:zombie":6,"minecraft:cow":4},"minecraft:custom":{"minecraft:interact_with_furnace":71,"minecraft:mob_kills":29,"minecraft:interact_with_crafting_table":31,"minecraft:open_barrel":16,"minecraft:leave_game":4,"minecraft:time_since_death":31852,"minecraft:sleep_in_bed":1,"minecraft:time_since_rest":31880,"minecraft:sprint_one_cm":50127,"minecraft:damage_taken":3226,"minecraft:walk_one_cm":149110,"minecraft:drop":26,"minecraft:damage_dealt":3988,"minecraft:swim_one_cm":4122,"minecraft:fly_one_cm":116832,"minecraft:open_chest":3,"minecraft:crouch_one_cm":399,"minecraft:play_time":95956,"minecraft:deaths":3,"minecraft:sneak_time":201,"minecraft:walk_under_water_one_cm":2891,"minecraft:jump":937,"minecraft:walk_on_water_one_cm":6766,"minecraft:total_world_time":95956,"minecraft:fall_one_cm":25479}},"DataVersion":3465}