{"stats":{"minecraft:crafted":{"minecraft:cooked_beef":4,"minecraft:cooked_porkchop":11,"minecraft:crafting_table":1,"minecraft:baked_potato":5,"minecraft:iron_helmet":1,"travelersbackpack:standard":1,"travelersbackpack:backpack_tank":2,"minecraft:wooden_pickaxe":1,"spartanweaponry:handle":2,"minecraft:furnace":1,"minecraft:copper_ingot":10,"minecraft:bread":30,"minecraft:air":0,"minecraft:glass":19,"spartanweaponry:stone_longsword":1,"minecraft:iron_chestplate":1,"minecraft:iron_boots":1,"minecraft:stick":4,"minecraft:iron_ingot":76,"minecraft:iron_pickaxe":1,"minecraft:stone_pickaxe":1,"minecraft:iron_leggings":1,"minecraft:gold_ingot":3,"minecraft:acacia_planks":12,"minecraft:torch":4,"minecraft:wheat":90},"minecraft:mined":{"minecraft:crafting_table":2,"minecraft:granite":1,"minecraft:acacia_log":4,"bakery:wild_strawberries":2,"minecraft:grass_block":3,"minecraft:chest":1,"minecraft:tall_grass":4,"travelersbackpack:white_sleeping_bag":1,"minecraft:copper_ore":2,"minecraft:deepslate_gold_ore":1,"minecraft:lapis_ore":1,"minecraft:diorite":3,"minecraft:deepslate_copper_ore":2,"minecraft:hay_block":11,"minecraft:furnace":1,"minecraft:wheat":111,"minecraft:iron_ore":19,"minecraft:birch_leaves":1,"minecraft:andesite":2,"minecraft:deepslate_lapis_ore":2,"minecraft:grass":25,"minecraft:skeleton_wall_skull":1,"minecraft:coal_ore":4,"minecraft:deepslate_iron_ore":6,"minecraft:sand":19,"minecraft:smooth_basalt":1,"minecraft:stone":26,"minecraft:gold_ore":1,"minecraft:potted_allium":1,"minecraft:deepslate":3},"minecraft:used":{"spartanweaponry:stone_longsword":163,"minecraft:diorite":3,"minecraft:stone_pickaxe":51,"minecraft:wooden_pickaxe":9,"spartanweaponry:stone_halberd":2,"spartanweaponry:stone_scythe":8,"minecraft:torch":1,"minecraft:crafting_table":3,"minecraft:apple":3,"minecraft:lantern":1,"minecraft:bread":10,"minecraft:iron_pickaxe":21,"spartanweaponry:wooden_scythe":53,"minecraft:smooth_basalt":1,"minecraft:beef":2,"travelersbackpack:standard":1,"minecraft:furnace":2,"spartanweaponry:iron_battle_hammer":6,"minecraft:acacia_planks":1},"minecraft:dropped":{"minecraft:wheat_seeds":5,"minecraft:cobbled_deepslate":3,"minecraft:birch_sapling":1,"minecraft:raw_iron":3,"minecraft:rotten_flesh":5,"spartanweaponry:wooden_dagger":1,"minecraft:leather":3,"minecraft:apple":2,"minecraft:granite":1,"spartanweaponry:stone_longsword":1,"minecraft:dirt":2,"minecraft:flower_pot":1,"minecraft:sea_pickle":2,"minecraft:allium":1,"minecraft:mutton":4,"minecraft:andesite":2,"minecraft:spider_eye":2,"minecraft:glass":5,"minecraft:wooden_pickaxe":1,"spartanweaponry:iron_battle_hammer":1},"minecraft:picked_up":{"minecraft:wheat":111,"minecraft:crafting_table":2,"minecraft:allium":1,"minecraft:chicken":2,"minecraft:flower_pot":1,"minecraft:andesite":2,"minecraft:leather":11,"minecraft:potato":6,"bakery:strawberry_seeds":1,"minecraft:lapis_lazuli":35,"minecraft:string":4,"minecraft:dirt":3,"minecraft:lantern":1,"minecraft:raw_copper":116,"minecraft:bone":6,"minecraft:kelp":1,"minecraft:sea_pickle":2,"minecraft:wheat_seeds":316,"minecraft:cobbled_deepslate":3,"minecraft:raw_gold":3,"minecraft:iron_ingot":2,"spartanweaponry:stone_halberd":1,"minecraft:beef":14,"minecraft:chest":1,"minecraft:birch_sapling":1,"minecraft:furnace":1,"bakery:strawberry":1,"spartanweaponry:wooden_scythe":1,"minecraft:raw_iron":79,"minecraft:smooth_basalt":1,"minecraft:copper_ingot":3,"minecraft:acacia_log":3,"minecraft:sand":19,"minecraft:porkchop":11,"minecraft:diorite":3,"minecraft:spider_eye":2,"spartanweaponry:iron_battle_hammer":2,"travelersbackpack:white_sleeping_bag":1,"minecraft:arrow":9,"minecraft:rotten_flesh":5,"minecraft:hay_block":11,"minecraft:granite":1,"minecraft:mutton":6,"minecraft:coal":76,"minecraft:skeleton_skull":1,"minecraft:white_wool":4,"minecraft:cobblestone":26},"minecraft:killed":{"minecraft:pig":4,"minecraft:spider":3,"minecraft:skeleton":7,"minecraft:sheep":4,"minecraft:horse":3,"minecraft:zombie":6,"minecraft:chicken":2,"minecraft:cow":7},"minecraft:custom":{"minecraft:interact_with_furnace":71,"minecraft:mob_kills":37,"minecraft:interact_with_crafting_table":31,"minecraft:open_barrel":16,"minecraft:leave_game":4,"minecraft:time_since_death":43852,"minecraft:sleep_in_bed":1,"minecraft:time_since_rest":43880,"minecraft:sprint_one_cm":61621,"minecraft:damage_taken":3661,"minecraft:walk_one_cm":182505,"minecraft:drop":28,"minecraft:damage_dealt":4728,"minecraft:swim_one_cm":6741,"minecraft:fly_one_cm":144225,"minecraft:open_chest":10,"minecraft:crouch_one_cm":529,"minecraft:play_time":107956,"minecraft:deaths":3,"minecraft:sneak_time":362,"minecraft:walk_under_water_one_cm":18342,"minecraft:boat_one_cm":94697,"minecraft:jump":1136,"minecraft:walk_on_water_one_cm":10924,"minecraft:total_world_time":107956,"minecraft:fall_one_cm":31912}},"DataVersion":3465}