{"stats":{"minecraft:crafted":{"minecraft:cooked_beef":9,"minecraft:cauldron":1,"spartanweaponry:iron_scythe":1,"minecraft:iron_trapdoor":1,"spartanweaponry:pole":5,"minecraft:crafting_table":2,"minecraft:iron_helmet":1,"travelersbackpack:backpack_tank":4,"minecraft:wooden_pickaxe":1,"travelersbackpack:standard":1,"spartanshields:wooden_tower_shield":1,"minecraft:furnace":2,"spartanweaponry:handle":4,"minecraft:bucket":1,"spartanshields:stone_tower_shield":1,"travelersbackpack:blank_upgrade":4,"minecraft:air":0,"minecraft:glass":25,"travelersbackpack:white_sleeping_bag":1,"minecraft:iron_chestplate":1,"minecraft:iron_boots":1,"spartanweaponry:wooden_boomerang":1,"minecraft:iron_axe":1,"spartanweaponry:wooden_scythe":1,"minecraft:iron_ingot":49,"spartanweaponry:stone_halberd":1,"minecraft:stone_pickaxe":1,"minecraft:chest":1,"spartanweaponry:wooden_dagger":1,"minecraft:iron_leggings":1,"minecraft:gold_ingot":14,"minecraft:acacia_planks":48},"minecraft:used":{"minecraft:stone_pickaxe":17,"minecraft:wooden_pickaxe":18,"spartanweaponry:stone_battleaxe":9,"minecraft:cauldron":2,"spartanweaponry:stone_halberd":24,"minecraft:spruce_sign":1,"spartanweaponry:stone_scythe":31,"minecraft:torch":2,"minecraft:dirt":13,"minecraft:crafting_table":5,"spartanshields:stone_tower_shield":2,"spartanweaponry:wooden_dagger":10,"minecraft:iron_pickaxe":3,"travelersbackpack:white_sleeping_bag":1,"minecraft:iron_helmet":1,"spartanweaponry:wooden_scythe":38,"spartanweaponry:wooden_boomerang":16,"minecraft:smooth_basalt":1,"minecraft:beef":1,"travelersbackpack:standard":2,"minecraft:iron_trapdoor":1,"minecraft:furnace":4,"minecraft:bucket":3,"minecraft:cooked_beef":6,"minecraft:air":1,"spartanweaponry:iron_scythe":2},"minecraft:mined":{"minecraft:acacia_leaves":1,"minecraft:torch":1,"minecraft:acacia_log":13,"minecraft:grass_block":4,"minecraft:dead_bush":30,"minecraft:tall_grass":8,"minecraft:cauldron":2,"minecraft:furnace":1,"minecraft:grass":67,"minecraft:sand":22,"minecraft:dirt":10,"minecraft:stone":34},"minecraft:dropped":{"minecraft:wheat_seeds":1,"spartanweaponry:stone_scythe":1,"spartanweaponry:wooden_boomerang":1,"minecraft:chest":1,"spartanweaponry:iron_battle_hammer":1},"minecraft:picked_up":{"minecraft:crafting_table":2,"minecraft:leather":9,"spartanweaponry:stone_scythe":1,"minecraft:gunpowder":1,"minecraft:string":2,"minecraft:dirt":77,"minecraft:glass":5,"minecraft:zombie_head":1,"minecraft:wheat_seeds":11,"minecraft:beef":16,"minecraft:chest":1,"minecraft:acacia_sapling":6,"minecraft:furnace":2,"minecraft:raw_iron":81,"minecraft:stick":31,"minecraft:torch":1,"minecraft:acacia_log":13,"minecraft:sand":22,"spartanweaponry:spider_head":1,"minecraft:cauldron":2,"minecraft:spider_eye":2,"spartanweaponry:iron_battle_hammer":1,"minecraft:arrow":3,"minecraft:rotten_flesh":11,"minecraft:spruce_sign":1,"minecraft:baked_potato":3,"minecraft:mutton":4,"minecraft:coal":43,"minecraft:cobblestone":35},"minecraft:killed":{"minecraft:spider":3,"minecraft:skeleton":2,"minecraft:zombie":7,"camocreepers:camo_creeper":1,"minecraft:cow":6},"minecraft:custom":{"minecraft:interact_with_furnace":48,"minecraft:mob_kills":19,"minecraft:interact_with_crafting_table":31,"minecraft:open_barrel":6,"minecraft:leave_game":3,"minecraft:time_since_death":58411,"minecraft:time_since_rest":58486,"minecraft:sprint_one_cm":61168,"minecraft:damage_taken":2232,"minecraft:walk_one_cm":88278,"minecraft:damage_blocked_by_shield":60,"minecraft:drop":5,"minecraft:damage_dealt":3262,"minecraft:swim_one_cm":328,"minecraft:fly_one_cm":109944,"minecraft:open_chest":2,"minecraft:crouch_one_cm":2260,"minecraft:play_time":70086,"minecraft:deaths":4,"minecraft:sneak_time":587,"minecraft:walk_under_water_one_cm":680,"minecraft:jump":507,"minecraft:walk_on_water_one_cm":395,"minecraft:total_world_time":70086,"minecraft:fall_one_cm":13166}},"DataVersion":3465}