{"stats":{"minecraft:crafted":{"minecraft:cooked_beef":9,"spartanweaponry:pole":4,"minecraft:crafting_table":1,"travelersbackpack:backpack_tank":4,"minecraft:wooden_pickaxe":1,"travelersbackpack:standard":1,"spartanshields:wooden_tower_shield":1,"minecraft:furnace":2,"spartanweaponry:handle":4,"minecraft:bucket":1,"spartanshields:stone_tower_shield":1,"travelersbackpack:blank_upgrade":4,"minecraft:air":0,"minecraft:glass":25,"travelersbackpack:white_sleeping_bag":1,"spartanweaponry:wooden_boomerang":1,"spartanweaponry:wooden_scythe":1,"spartanweaponry:stone_halberd":1,"minecraft:stone_pickaxe":1,"minecraft:chest":1,"spartanweaponry:wooden_dagger":1,"minecraft:gold_ingot":14,"minecraft:acacia_planks":40},"minecraft:used":{"minecraft:stone_pickaxe":17,"minecraft:wooden_pickaxe":18,"spartanweaponry:stone_battleaxe":7,"spartanweaponry:stone_halberd":24,"minecraft:spruce_sign":1,"spartanweaponry:stone_scythe":25,"minecraft:torch":2,"minecraft:dirt":13,"minecraft:crafting_table":4,"spartanshields:stone_tower_shield":2,"spartanweaponry:wooden_dagger":10,"travelersbackpack:white_sleeping_bag":1,"spartanweaponry:wooden_scythe":38,"spartanweaponry:wooden_boomerang":16,"minecraft:smooth_basalt":1,"minecraft:beef":1,"travelersbackpack:standard":2,"minecraft:furnace":3,"minecraft:bucket":3,"minecraft:cooked_beef":3,"minecraft:air":1},"minecraft:mined":{"minecraft:acacia_leaves":1,"minecraft:torch":1,"minecraft:acacia_log":11,"minecraft:grass_block":3,"minecraft:dead_bush":30,"minecraft:tall_grass":7,"minecraft:grass":65,"minecraft:sand":22,"minecraft:dirt":10,"minecraft:stone":34},"minecraft:dropped":{"minecraft:wheat_seeds":1,"spartanweaponry:wooden_boomerang":1,"minecraft:chest":1},"minecraft:picked_up":{"minecraft:crafting_table":2,"minecraft:leather":9,"minecraft:gunpowder":1,"minecraft:string":2,"minecraft:dirt":68,"minecraft:glass":5,"minecraft:zombie_head":1,"minecraft:wheat_seeds":11,"minecraft:beef":16,"minecraft:chest":1,"minecraft:acacia_sapling":6,"minecraft:stick":31,"minecraft:torch":1,"minecraft:acacia_log":11,"minecraft:sand":22,"spartanweaponry:spider_head":1,"minecraft:spider_eye":2,"minecraft:arrow":1,"minecraft:rotten_flesh":9,"minecraft:spruce_sign":1,"minecraft:cobblestone":35},"minecraft:killed":{"minecraft:spider":2,"minecraft:skeleton":1,"minecraft:zombie":7,"camocreepers:camo_creeper":1,"minecraft:cow":6},"minecraft:custom":{"minecraft:interact_with_furnace":25,"minecraft:mob_kills":17,"minecraft:interact_with_crafting_table":18,"minecraft:open_barrel":1,"minecraft:leave_game":3,"minecraft:time_since_death":46411,"minecraft:time_since_rest":46486,"minecraft:sprint_one_cm":52937,"minecraft:damage_taken":2120,"minecraft:walk_one_cm":76101,"minecraft:damage_blocked_by_shield":60,"minecraft:drop":3,"minecraft:damage_dealt":2758,"minecraft:swim_one_cm":328,"minecraft:fly_one_cm":104793,"minecraft:open_chest":2,"minecraft:crouch_one_cm":2212,"minecraft:play_time":58086,"minecraft:deaths":4,"minecraft:sneak_time":564,"minecraft:walk_under_water_one_cm":680,"minecraft:jump":464,"minecraft:walk_on_water_one_cm":395,"minecraft:total_world_time":58086,"minecraft:fall_one_cm":11850}},"DataVersion":3465}