{"stats":{"minecraft:picked_up":{"minecraft:stick":7,"minecraft:apple":5,"minecraft:jungle_log":2,"minecraft:oak_log":16,"minecraft:oak_sapling":17},"minecraft:mined":{"minecraft:grass":1,"minecraft:oak_log":27,"minecraft:vine":2,"minecraft:jungle_log":2},"minecraft:crafted":{"minecraft:oak_planks":4,"minecraft:crafting_table":1,"minecraft:stick":4,"minecraft:jungle_planks":8,"minecraft:wooden_axe":1},"minecraft:custom":{"minecraft:time_since_rest":2908,"minecraft:crouch_one_cm":461,"minecraft:play_time":2908,"minecraft:sprint_one_cm":2706,"minecraft:walk_one_cm":2165,"minecraft:sneak_time":296,"minecraft:jump":11,"minecraft:leave_game":1,"minecraft:time_since_death":2908,"minecraft:total_world_time":2908,"minecraft:interact_with_crafting_table":1,"minecraft:fall_one_cm":418,"minecraft:fly_one_cm":4403},"minecraft:used":{"minecraft:wooden_axe":1,"minecraft:crafting_table":1}},"DataVersion":3465}