{"stats":{"minecraft:crafted":{"minecraft:cooked_beef":4,"minecraft:glass":3,"spartanweaponry:pole":4,"spartanweaponry:wooden_boomerang":1,"travelersbackpack:backpack_tank":1,"minecraft:crafting_table":1,"spartanweaponry:wooden_scythe":1,"spartanweaponry:stone_halberd":1,"minecraft:stone_pickaxe":1,"minecraft:wooden_pickaxe":1,"spartanshields:wooden_tower_shield":1,"spartanweaponry:wooden_dagger":1,"spartanweaponry:handle":4,"minecraft:furnace":2,"minecraft:acacia_planks":32,"spartanshields:stone_tower_shield":1,"minecraft:air":0},"minecraft:used":{"spartanweaponry:wooden_dagger":10,"minecraft:stone_pickaxe":17,"travelersbackpack:white_sleeping_bag":1,"minecraft:spruce_sign":1,"minecraft:wooden_pickaxe":18,"spartanweaponry:stone_halberd":24,"spartanweaponry:wooden_boomerang":16,"spartanweaponry:wooden_scythe":38,"minecraft:torch":1,"spartanweaponry:stone_scythe":25,"minecraft:smooth_basalt":1,"minecraft:dirt":2,"minecraft:beef":1,"minecraft:crafting_table":3,"minecraft:furnace":3,"spartanshields:stone_tower_shield":2,"minecraft:air":1,"minecraft:cooked_beef":3},"minecraft:mined":{"minecraft:acacia_leaves":1,"minecraft:grass":60,"minecraft:acacia_log":9,"minecraft:grass_block":3,"minecraft:dead_bush":30,"minecraft:sand":13,"minecraft:dirt":10,"minecraft:tall_grass":4,"minecraft:stone":34},"minecraft:dropped":{"spartanweaponry:wooden_boomerang":1,"minecraft:wheat_seeds":1},"minecraft:picked_up":{"minecraft:crafting_table":1,"minecraft:stick":31,"minecraft:leather":8,"minecraft:acacia_log":9,"minecraft:sand":13,"spartanweaponry:spider_head":1,"minecraft:gunpowder":1,"minecraft:spider_eye":2,"minecraft:dirt":48,"minecraft:string":2,"minecraft:zombie_head":1,"minecraft:arrow":1,"minecraft:rotten_flesh":9,"minecraft:wheat_seeds":11,"minecraft:beef":16,"minecraft:spruce_sign":1,"minecraft:acacia_sapling":6,"minecraft:cobblestone":34},"minecraft:killed":{"minecraft:skeleton":1,"minecraft:zombie":7,"camocreepers:camo_creeper":1,"minecraft:spider":2,"minecraft:cow":6},"minecraft:custom":{"minecraft:time_since_rest":34486,"minecraft:interact_with_furnace":12,"minecraft:sprint_one_cm":46272,"minecraft:damage_taken":2030,"minecraft:walk_one_cm":70449,"minecraft:damage_blocked_by_shield":60,"minecraft:mob_kills":17,"minecraft:drop":2,"minecraft:damage_dealt":2746,"minecraft:open_barrel":1,"minecraft:swim_one_cm":328,"minecraft:interact_with_crafting_table":10,"minecraft:fly_one_cm":92841,"minecraft:open_chest":2,"minecraft:play_time":46086,"minecraft:crouch_one_cm":1704,"minecraft:deaths":4,"minecraft:sneak_time":414,"minecraft:walk_under_water_one_cm":680,"minecraft:jump":402,"minecraft:leave_game":3,"minecraft:walk_on_water_one_cm":395,"minecraft:time_since_death":34411,"minecraft:total_world_time":46086,"minecraft:fall_one_cm":10480}},"DataVersion":3465}