{"stats":{"minecraft:crafted":{"minecraft:cooked_beef":9,"minecraft:cauldron":1,"spartanweaponry:pole":5,"spartanweaponry:iron_scythe":1,"minecraft:iron_trapdoor":1,"travelersbackpack:crafting_upgrade":1,"minecraft:crafting_table":3,"travelersbackpack:backpack_tank":4,"travelersbackpack:standard":2,"minecraft:iron_helmet":1,"minecraft:wooden_pickaxe":1,"spartanshields:wooden_tower_shield":1,"minecraft:furnace":2,"minecraft:smithing_table":1,"spartanweaponry:handle":4,"minecraft:bucket":1,"spartanshields:stone_tower_shield":1,"travelersbackpack:blank_upgrade":4,"minecraft:acacia_boat":1,"minecraft:air":0,"minecraft:flint_and_steel":1,"minecraft:glass":25,"travelersbackpack:white_sleeping_bag":1,"minecraft:iron_boots":1,"minecraft:iron_chestplate":1,"spartanweaponry:wooden_boomerang":1,"minecraft:iron_axe":1,"spartanweaponry:wooden_scythe":1,"spartanweaponry:stone_halberd":1,"minecraft:iron_ingot":49,"minecraft:stone_pickaxe":1,"spartanweaponry:wooden_dagger":1,"minecraft:chest":1,"minecraft:gold_ingot":14,"minecraft:iron_leggings":1,"minecraft:acacia_planks":68},"minecraft:used":{"minecraft:acacia_boat":1,"minecraft:water_bucket":16,"minecraft:flint_and_steel":1,"minecraft:stone_pickaxe":20,"minecraft:wooden_pickaxe":18,"minecraft:cauldron":2,"spartanweaponry:stone_halberd":24,"spartanweaponry:stone_battleaxe":9,"minecraft:spruce_sign":1,"spartanweaponry:stone_scythe":31,"minecraft:torch":2,"minecraft:dirt":20,"minecraft:crafting_table":7,"spartanshields:stone_tower_shield":3,"minecraft:lava_bucket":9,"spartanweaponry:wooden_dagger":10,"minecraft:iron_axe":42,"minecraft:bread":10,"minecraft:iron_pickaxe":11,"travelersbackpack:white_sleeping_bag":1,"minecraft:iron_helmet":1,"minecraft:smooth_basalt":1,"spartanweaponry:wooden_boomerang":16,"spartanweaponry:wooden_scythe":38,"travelersbackpack:standard":2,"minecraft:beef":1,"minecraft:iron_trapdoor":1,"minecraft:furnace":4,"minecraft:smithing_table":1,"minecraft:bucket":31,"minecraft:cooked_beef":6,"minecraft:air":1,"minecraft:acacia_planks":6,"spartanweaponry:iron_scythe":36},"minecraft:mined":{"minecraft:smithing_table":1,"minecraft:acacia_leaves":1,"minecraft:kelp_plant":2,"minecraft:torch":1,"minecraft:crafting_table":3,"minecraft:acacia_log":13,"minecraft:grass_block":9,"minecraft:dead_bush":30,"minecraft:nether_quartz_ore":3,"minecraft:tall_grass":9,"minecraft:cobblestone":2,"minecraft:sugar_cane":4,"minecraft:cauldron":2,"minecraft:large_fern":7,"minecraft:furnace":1,"minecraft:birch_log":35,"minecraft:fire":1,"minecraft:birch_leaves":2,"minecraft:grass":68,"minecraft:sand":22,"minecraft:dirt":12,"minecraft:netherrack":3,"minecraft:stone":37,"minecraft:fern":1},"minecraft:dropped":{"minecraft:wheat_seeds":1,"spartanweaponry:stone_longsword":1,"spartanweaponry:stone_scythe":1,"spartanweaponry:wooden_boomerang":1,"minecraft:chest":1,"spartanweaponry:iron_battle_hammer":1},"minecraft:picked_up":{"minecraft:birch_log":35,"minecraft:crafting_table":5,"minecraft:leather":11,"minecraft:smithing_table":1,"spartanweaponry:stone_scythe":1,"minecraft:gunpowder":1,"minecraft:dirt":84,"minecraft:string":2,"minecraft:glass":5,"minecraft:zombie_head":1,"minecraft:kelp":3,"minecraft:wheat_seeds":11,"minecraft:beef":16,"minecraft:sugar_cane":2,"minecraft:chest":1,"minecraft:birch_sapling":1,"minecraft:acacia_sapling":6,"minecraft:furnace":2,"minecraft:raw_iron":81,"minecraft:golden_helmet":1,"minecraft:stick":31,"minecraft:torch":1,"minecraft:quartz":25,"minecraft:acacia_log":13,"minecraft:sand":22,"spartanweaponry:spider_head":1,"minecraft:spider_eye":2,"minecraft:cauldron":2,"minecraft:brown_carpet":1,"spartanweaponry:iron_battle_hammer":1,"minecraft:arrow":3,"minecraft:rotten_flesh":15,"spartanweaponry:stone_longsword":1,"minecraft:spruce_sign":1,"minecraft:baked_potato":3,"minecraft:mutton":10,"minecraft:cod":2,"minecraft:coal":43,"minecraft:white_wool":3,"minecraft:cobblestone":36},"minecraft:killed":{"minecraft:spider":3,"minecraft:polar_bear":3,"minecraft:horse":4,"minecraft:sheep":3,"minecraft:skeleton":2,"minecraft:zombie":9,"camocreepers:camo_creeper":1,"minecraft:drowned":2,"minecraft:cow":6},"minecraft:custom":{"minecraft:interact_with_smithing_table":3,"minecraft:interact_with_furnace":48,"minecraft:mob_kills":33,"minecraft:interact_with_crafting_table":35,"minecraft:open_barrel":9,"minecraft:leave_game":4,"minecraft:time_since_death":82325,"minecraft:time_since_rest":82400,"minecraft:sprint_one_cm":98920,"minecraft:damage_taken":2616,"minecraft:walk_one_cm":121850,"minecraft:damage_blocked_by_shield":110,"minecraft:drop":6,"minecraft:damage_dealt":6118,"minecraft:swim_one_cm":30373,"minecraft:fly_one_cm":185759,"minecraft:open_chest":8,"minecraft:crouch_one_cm":3509,"minecraft:play_time":94000,"minecraft:deaths":4,"minecraft:sneak_time":1372,"minecraft:walk_under_water_one_cm":11742,"minecraft:boat_one_cm":209868,"minecraft:jump":880,"minecraft:walk_on_water_one_cm":7187,"minecraft:total_world_time":94000,"minecraft:fall_one_cm":20504}},"DataVersion":3465}