{"stats":{"minecraft:crafted":{"minecraft:cooked_beef":4,"spartanweaponry:pole":4,"spartanweaponry:wooden_boomerang":1,"minecraft:crafting_table":1,"spartanweaponry:wooden_scythe":1,"spartanweaponry:stone_halberd":1,"minecraft:stone_pickaxe":1,"minecraft:wooden_pickaxe":1,"spartanshields:wooden_tower_shield":1,"spartanweaponry:wooden_dagger":1,"spartanweaponry:handle":4,"minecraft:furnace":1,"minecraft:acacia_planks":32,"spartanshields:stone_tower_shield":1,"minecraft:air":0},"minecraft:used":{"spartanweaponry:wooden_dagger":10,"minecraft:stone_pickaxe":9,"minecraft:wooden_pickaxe":18,"spartanweaponry:wooden_boomerang":16,"spartanweaponry:stone_halberd":24,"spartanweaponry:wooden_scythe":38,"minecraft:dirt":1,"minecraft:beef":1,"minecraft:crafting_table":2,"minecraft:furnace":1,"spartanshields:stone_tower_shield":2,"minecraft:cooked_beef":3,"minecraft:air":1},"minecraft:mined":{"minecraft:acacia_leaves":1,"minecraft:grass":56,"minecraft:acacia_log":9,"minecraft:grass_block":3,"minecraft:dead_bush":30,"minecraft:dirt":10,"minecraft:tall_grass":2,"minecraft:stone":26},"minecraft:dropped":{"spartanweaponry:wooden_boomerang":1,"minecraft:wheat_seeds":1},"minecraft:picked_up":{"minecraft:stick":31,"minecraft:crafting_table":1,"minecraft:leather":4,"minecraft:acacia_log":9,"minecraft:spider_eye":1,"minecraft:dirt":32,"minecraft:string":2,"minecraft:arrow":1,"minecraft:zombie_head":1,"minecraft:rotten_flesh":9,"minecraft:wheat_seeds":11,"minecraft:beef":5,"minecraft:acacia_sapling":6,"minecraft:cobblestone":26},"minecraft:killed":{"minecraft:skeleton":1,"minecraft:zombie":3,"minecraft:spider":1,"minecraft:cow":2},"minecraft:custom":{"minecraft:time_since_rest":26138,"minecraft:interact_with_furnace":5,"minecraft:sprint_one_cm":26160,"minecraft:damage_taken":1360,"minecraft:walk_one_cm":53659,"minecraft:damage_blocked_by_shield":60,"minecraft:mob_kills":7,"minecraft:drop":2,"minecraft:damage_dealt":1243,"minecraft:interact_with_crafting_table":8,"minecraft:fly_one_cm":54273,"minecraft:crouch_one_cm":1016,"minecraft:play_time":37738,"minecraft:deaths":4,"minecraft:sneak_time":242,"minecraft:jump":199,"minecraft:leave_game":3,"minecraft:time_since_death":26063,"minecraft:total_world_time":37738,"minecraft:fall_one_cm":4940}},"DataVersion":3465}