{"stats":{"minecraft:crafted":{"minecraft:cooked_beef":9,"minecraft:cauldron":1,"spartanweaponry:iron_scythe":1,"minecraft:iron_trapdoor":1,"spartanweaponry:pole":5,"travelersbackpack:crafting_upgrade":1,"minecraft:crafting_table":3,"minecraft:iron_helmet":1,"travelersbackpack:backpack_tank":4,"minecraft:wooden_pickaxe":1,"travelersbackpack:standard":2,"spartanshields:wooden_tower_shield":1,"minecraft:smithing_table":1,"minecraft:furnace":2,"spartanweaponry:handle":4,"minecraft:bucket":1,"spartanshields:stone_tower_shield":1,"travelersbackpack:blank_upgrade":4,"minecraft:acacia_boat":1,"minecraft:air":0,"minecraft:glass":25,"travelersbackpack:white_sleeping_bag":1,"minecraft:iron_chestplate":1,"minecraft:iron_boots":1,"spartanweaponry:wooden_boomerang":1,"minecraft:iron_axe":1,"spartanweaponry:wooden_scythe":1,"minecraft:iron_ingot":49,"spartanweaponry:stone_halberd":1,"minecraft:stone_pickaxe":1,"minecraft:chest":1,"spartanweaponry:wooden_dagger":1,"minecraft:iron_leggings":1,"minecraft:gold_ingot":14,"minecraft:acacia_planks":68},"minecraft:used":{"minecraft:acacia_boat":1,"minecraft:stone_pickaxe":17,"minecraft:wooden_pickaxe":18,"spartanweaponry:stone_battleaxe":9,"minecraft:cauldron":2,"spartanweaponry:stone_halberd":24,"minecraft:spruce_sign":1,"spartanweaponry:stone_scythe":31,"minecraft:torch":2,"minecraft:dirt":13,"minecraft:crafting_table":7,"spartanshields:stone_tower_shield":3,"spartanweaponry:wooden_dagger":10,"minecraft:iron_axe":42,"minecraft:bread":5,"minecraft:iron_pickaxe":3,"travelersbackpack:white_sleeping_bag":1,"minecraft:iron_helmet":1,"spartanweaponry:wooden_scythe":38,"spartanweaponry:wooden_boomerang":16,"minecraft:smooth_basalt":1,"minecraft:beef":1,"travelersbackpack:standard":2,"minecraft:iron_trapdoor":1,"minecraft:furnace":4,"minecraft:smithing_table":1,"minecraft:bucket":3,"minecraft:cooked_beef":6,"minecraft:air":1,"minecraft:acacia_planks":4,"spartanweaponry:iron_scythe":20},"minecraft:mined":{"minecraft:smithing_table":1,"minecraft:acacia_leaves":1,"minecraft:kelp_plant":2,"minecraft:crafting_table":3,"minecraft:torch":1,"minecraft:acacia_log":13,"minecraft:grass_block":4,"minecraft:dead_bush":30,"minecraft:tall_grass":9,"minecraft:sugar_cane":4,"minecraft:cauldron":2,"minecraft:furnace":1,"minecraft:birch_log":35,"minecraft:birch_leaves":2,"minecraft:grass":68,"minecraft:sand":22,"minecraft:dirt":10,"minecraft:stone":34},"minecraft:dropped":{"minecraft:wheat_seeds":1,"spartanweaponry:stone_longsword":1,"spartanweaponry:stone_scythe":1,"spartanweaponry:wooden_boomerang":1,"minecraft:chest":1,"spartanweaponry:iron_battle_hammer":1},"minecraft:picked_up":{"minecraft:birch_log":35,"minecraft:crafting_table":5,"minecraft:leather":11,"minecraft:smithing_table":1,"spartanweaponry:stone_scythe":1,"minecraft:gunpowder":1,"minecraft:string":2,"minecraft:dirt":77,"minecraft:glass":5,"minecraft:zombie_head":1,"minecraft:kelp":3,"minecraft:wheat_seeds":11,"minecraft:beef":16,"minecraft:sugar_cane":2,"minecraft:chest":1,"minecraft:birch_sapling":1,"minecraft:acacia_sapling":6,"minecraft:furnace":2,"minecraft:raw_iron":81,"minecraft:stick":31,"minecraft:torch":1,"minecraft:acacia_log":13,"minecraft:sand":22,"spartanweaponry:spider_head":1,"minecraft:cauldron":2,"minecraft:spider_eye":2,"spartanweaponry:iron_battle_hammer":1,"minecraft:arrow":3,"minecraft:rotten_flesh":13,"spartanweaponry:stone_longsword":1,"minecraft:spruce_sign":1,"minecraft:baked_potato":3,"minecraft:white_wool":3,"minecraft:mutton":10,"minecraft:coal":43,"minecraft:cobblestone":35},"minecraft:killed":{"minecraft:spider":3,"minecraft:horse":4,"minecraft:sheep":3,"minecraft:skeleton":2,"minecraft:zombie":8,"camocreepers:camo_creeper":1,"minecraft:drowned":2,"minecraft:cow":6},"minecraft:custom":{"minecraft:interact_with_smithing_table":3,"minecraft:interact_with_furnace":48,"minecraft:mob_kills":29,"minecraft:interact_with_crafting_table":35,"minecraft:open_barrel":8,"minecraft:leave_game":3,"minecraft:time_since_death":70411,"minecraft:time_since_rest":70486,"minecraft:sprint_one_cm":78819,"minecraft:damage_taken":2481,"minecraft:walk_one_cm":99630,"minecraft:damage_blocked_by_shield":110,"minecraft:drop":6,"minecraft:damage_dealt":4896,"minecraft:swim_one_cm":10644,"minecraft:fly_one_cm":146344,"minecraft:open_chest":8,"minecraft:crouch_one_cm":3070,"minecraft:play_time":82086,"minecraft:deaths":4,"minecraft:sneak_time":1188,"minecraft:walk_under_water_one_cm":9213,"minecraft:boat_one_cm":113023,"minecraft:jump":702,"minecraft:walk_on_water_one_cm":4381,"minecraft:total_world_time":82086,"minecraft:fall_one_cm":18561}},"DataVersion":3465}