{"stats":{"minecraft:crafted":{"spartanweaponry:iron_scythe":1,"travelersbackpack:crafting_upgrade":1,"spartanshields:wooden_tower_shield":1,"minecraft:furnace":2,"spartanshields:stone_tower_shield":1,"travelersbackpack:blank_upgrade":4,"minecraft:flint_and_steel":1,"minecraft:glass":25,"travelersbackpack:white_sleeping_bag":1,"minecraft:iron_boots":1,"spartanweaponry:wooden_boomerang":1,"minecraft:iron_axe":1,"spartanweaponry:stone_halberd":1,"minecraft:stone_pickaxe":1,"minecraft:chest":1,"minecraft:cooked_beef":9,"minecraft:cauldron":1,"minecraft:iron_trapdoor":1,"spartanweaponry:pole":5,"minecraft:crafting_table":3,"travelersbackpack:backpack_tank":4,"minecraft:wooden_pickaxe":1,"minecraft:iron_helmet":1,"travelersbackpack:standard":2,"minecraft:smithing_table":1,"spartanweaponry:handle":4,"minecraft:bucket":1,"minecraft:birch_planks":8,"minecraft:air":0,"minecraft:acacia_boat":1,"minecraft:iron_chestplate":1,"spartanweaponry:wooden_scythe":1,"minecraft:iron_ingot":49,"minecraft:birch_trapdoor":2,"spartanweaponry:wooden_dagger":1,"minecraft:iron_leggings":1,"minecraft:gold_ingot":14,"minecraft:acacia_planks":68},"minecraft:mined":{"minecraft:acacia_log":13,"minecraft:grass_block":9,"minecraft:large_fern":7,"minecraft:furnace":1,"minecraft:fire":8,"minecraft:nether_brick_fence":2,"minecraft:stone":38,"minecraft:smithing_table":1,"minecraft:acacia_leaves":1,"minecraft:soul_sand":9,"minecraft:kelp_plant":2,"minecraft:brown_carpet":1,"minecraft:crafting_table":3,"minecraft:torch":1,"minecraft:dead_bush":30,"minecraft:nether_quartz_ore":5,"minecraft:tall_grass":11,"minecraft:cobblestone":2,"minecraft:sugar_cane":4,"minecraft:cauldron":2,"minecraft:birch_log":35,"minecraft:birch_leaves":2,"minecraft:grass":72,"minecraft:coal_ore":3,"minecraft:sand":22,"minecraft:dirt":12,"minecraft:netherrack":195,"minecraft:fern":1},"minecraft:used":{"minecraft:flint_and_steel":1,"spartanweaponry:stone_battleaxe":9,"minecraft:netherrack":71,"minecraft:torch":3,"minecraft:dirt":30,"minecraft:soul_sand":4,"minecraft:lava_bucket":9,"minecraft:iron_axe":42,"minecraft:iron_helmet":1,"minecraft:smooth_basalt":1,"minecraft:birch_trapdoor":1,"minecraft:bow":6,"minecraft:beef":7,"minecraft:iron_trapdoor":1,"minecraft:furnace":4,"minecraft:cooked_beef":8,"minecraft:acacia_planks":6,"minecraft:acacia_boat":1,"minecraft:water_bucket":16,"minecraft:stone_pickaxe":27,"minecraft:baked_potato":3,"minecraft:blackstone":9,"minecraft:wooden_pickaxe":18,"minecraft:spruce_sign":1,"minecraft:cauldron":2,"spartanweaponry:stone_halberd":24,"spartanweaponry:stone_scythe":31,"minecraft:crafting_table":8,"spartanshields:stone_tower_shield":3,"minecraft:cod":2,"spartanweaponry:wooden_dagger":10,"minecraft:bread":27,"minecraft:iron_pickaxe":209,"travelersbackpack:white_sleeping_bag":1,"spartanweaponry:wooden_scythe":38,"spartanweaponry:wooden_boomerang":16,"travelersbackpack:standard":2,"minecraft:smithing_table":1,"minecraft:bucket":31,"minecraft:air":1,"spartanweaponry:iron_scythe":97},"minecraft:dropped":{"minecraft:soul_sand":10,"minecraft:birch_planks":2,"minecraft:wheat_seeds":1,"spartanweaponry:stone_longsword":1,"spartanweaponry:wooden_boomerang":1,"minecraft:acacia_planks":1,"minecraft:bone":3,"minecraft:gold_ingot":30,"spartanweaponry:iron_battle_hammer":1,"minecraft:birch_sapling":1,"minecraft:clay_ball":4,"spartanweaponry:stone_scythe":1,"minecraft:chest":1,"minecraft:arrow":2,"minecraft:crying_obsidian":2,"minecraft:netherrack":5},"minecraft:picked_up":{"minecraft:crafting_table":5,"minecraft:nether_brick_fence":1,"minecraft:clay_ball":4,"minecraft:smithing_table":1,"minecraft:string":2,"minecraft:zombie_head":1,"minecraft:blackstone":11,"minecraft:beef":16,"minecraft:sugar_cane":2,"minecraft:chest":1,"minecraft:birch_sapling":1,"minecraft:furnace":2,"minecraft:golden_helmet":1,"minecraft:stick":31,"minecraft:raw_iron":81,"minecraft:acacia_log":13,"minecraft:torch":1,"minecraft:fire_charge":2,"spartanweaponry:spider_head":1,"minecraft:cauldron":2,"minecraft:brown_carpet":2,"minecraft:arrow":11,"minecraft:rotten_flesh":15,"minecraft:gold_ingot":17,"minecraft:blaze_rod":13,"minecraft:mutton":12,"minecraft:obsidian":2,"minecraft:cod":2,"minecraft:cobblestone":36,"minecraft:white_wool":3,"minecraft:birch_log":35,"minecraft:leather":18,"minecraft:birch_planks":2,"spartanweaponry:stone_scythe":1,"minecraft:gunpowder":1,"minecraft:dirt":100,"minecraft:glass":5,"minecraft:bone":3,"minecraft:acacia_planks":4,"minecraft:kelp":3,"minecraft:wheat_seeds":12,"minecraft:acacia_sapling":6,"minecraft:soul_sand":19,"minecraft:quartz":55,"spartanweaponry:blaze_head":5,"minecraft:sand":22,"minecraft:crying_obsidian":2,"minecraft:spectral_arrow":7,"minecraft:spider_eye":2,"spartanweaponry:iron_battle_hammer":1,"spartanweaponry:stone_longsword":1,"minecraft:spruce_sign":1,"minecraft:baked_potato":3,"minecraft:netherrack":87,"minecraft:coal":52},"minecraft:killed":{"minecraft:spider":3,"minecraft:skeleton":7,"minecraft:horse":4,"minecraft:drowned":2,"minecraft:polar_bear":3,"minecraft:sheep":3,"minecraft:zombie":11,"camocreepers:camo_creeper":1,"minecraft:wither_skeleton":5,"minecraft:cow":6,"minecraft:blaze":16},"minecraft:custom":{"minecraft:interact_with_smithing_table":3,"minecraft:mob_kills":61,"minecraft:interact_with_crafting_table":37,"minecraft:open_barrel":9,"minecraft:leave_game":4,"minecraft:time_since_death":106325,"minecraft:sprint_one_cm":156969,"minecraft:walk_one_cm":176381,"minecraft:damage_blocked_by_shield":110,"minecraft:drop":39,"minecraft:play_time":118000,"minecraft:deaths":4,"minecraft:sneak_time":2075,"minecraft:walk_under_water_one_cm":11742,"minecraft:boat_one_cm":209868,"minecraft:jump":1426,"minecraft:walk_on_water_one_cm":7511,"minecraft:total_world_time":118000,"minecraft:interact_with_furnace":48,"minecraft:time_since_rest":106400,"minecraft:damage_taken":4077,"minecraft:damage_dealt":10659,"minecraft:swim_one_cm":30373,"minecraft:fly_one_cm":269451,"minecraft:open_chest":9,"minecraft:crouch_one_cm":5431,"minecraft:fall_one_cm":33076}},"DataVersion":3465}