{"stats":{"minecraft:crafted":{"spartanweaponry:iron_scythe":1,"travelersbackpack:crafting_upgrade":1,"spartanshields:wooden_tower_shield":1,"minecraft:furnace":2,"minecraft:cobblestone_stairs":12,"minecraft:bone_meal":36,"spartanshields:stone_tower_shield":1,"travelersbackpack:blank_upgrade":4,"minecraft:cooked_mutton":28,"minecraft:flint_and_steel":1,"minecraft:glass":25,"travelersbackpack:white_sleeping_bag":1,"minecraft:iron_boots":1,"spartanweaponry:wooden_boomerang":1,"minecraft:iron_axe":1,"minecraft:ladder":9,"spartanweaponry:stone_halberd":1,"minecraft:stone_pickaxe":1,"minecraft:chest":5,"minecraft:spruce_boat":2,"minecraft:smoker":1,"minecraft:cooked_beef":12,"travelersbackpack:iron_tier_upgrade":1,"minecraft:cauldron":1,"minecraft:iron_trapdoor":1,"spartanweaponry:pole":5,"minecraft:crafting_table":3,"minecraft:spruce_planks":32,"travelersbackpack:backpack_tank":4,"minecraft:wooden_pickaxe":1,"minecraft:iron_helmet":1,"travelersbackpack:standard":4,"minecraft:smithing_table":1,"spartanweaponry:handle":4,"minecraft:bucket":1,"minecraft:birch_planks":140,"minecraft:air":0,"minecraft:acacia_boat":1,"minecraft:iron_chestplate":1,"minecraft:diamond_pickaxe":1,"minecraft:stick":32,"spartanweaponry:wooden_scythe":1,"minecraft:iron_ingot":55,"minecraft:birch_trapdoor":2,"spartanweaponry:wooden_dagger":1,"minecraft:snow_block":45,"minecraft:iron_shovel":1,"minecraft:iron_leggings":1,"minecraft:gold_ingot":14,"minecraft:white_bed":1,"minecraft:acacia_planks":68,"minecraft:torch":8},"minecraft:mined":{"minecraft:cobblestone_stairs":7,"minecraft:acacia_log":13,"minecraft:grass_block":55,"minecraft:spruce_leaves":61,"minecraft:large_fern":7,"minecraft:furnace":1,"minecraft:fire":8,"minecraft:snow":201,"minecraft:nether_brick_fence":2,"minecraft:stone":154,"minecraft:smithing_table":1,"minecraft:acacia_leaves":1,"minecraft:soul_sand":9,"minecraft:kelp_plant":2,"minecraft:smoker":1,"minecraft:brown_carpet":1,"minecraft:crafting_table":3,"minecraft:torch":3,"minecraft:dead_bush":30,"minecraft:nether_quartz_ore":5,"minecraft:tall_grass":11,"minecraft:cobblestone":8,"minecraft:sugar_cane":4,"minecraft:diorite":4,"minecraft:cauldron":2,"minecraft:birch_log":35,"minecraft:spruce_log":24,"minecraft:birch_leaves":2,"minecraft:grass":79,"minecraft:coal_ore":3,"minecraft:sand":22,"minecraft:dirt":28,"minecraft:netherrack":198,"minecraft:fern":1},"minecraft:used":{"minecraft:iron_shovel":236,"minecraft:flint_and_steel":1,"minecraft:ladder":9,"minecraft:chest":4,"spartanweaponry:stone_battleaxe":9,"minecraft:netherrack":77,"minecraft:torch":12,"minecraft:dirt":154,"minecraft:soul_sand":4,"minecraft:lava_bucket":9,"minecraft:grass_block":1,"minecraft:iron_axe":74,"minecraft:iron_helmet":1,"minecraft:smooth_basalt":1,"minecraft:birch_trapdoor":1,"minecraft:bow":6,"minecraft:beef":7,"minecraft:iron_trapdoor":1,"minecraft:furnace":4,"minecraft:potato":13,"minecraft:cooked_beef":8,"minecraft:acacia_planks":6,"minecraft:calcite":3,"minecraft:cooked_mutton":12,"minecraft:acacia_boat":2,"minecraft:water_bucket":18,"minecraft:cobblestone_stairs":19,"minecraft:snow_block":27,"minecraft:birch_planks":15,"minecraft:stone_pickaxe":27,"minecraft:baked_potato":3,"minecraft:blackstone":9,"minecraft:wooden_pickaxe":18,"minecraft:spruce_sign":1,"minecraft:cauldron":2,"spartanweaponry:stone_halberd":24,"spartanweaponry:stone_scythe":31,"minecraft:crafting_table":8,"minecraft:white_bed":1,"spartanweaponry:spider_head":1,"spartanshields:stone_tower_shield":3,"minecraft:cod":2,"minecraft:smoker":2,"minecraft:diamond_pickaxe":132,"spartanweaponry:wooden_dagger":10,"minecraft:bread":27,"minecraft:iron_pickaxe":214,"travelersbackpack:white_sleeping_bag":1,"minecraft:spruce_sapling":4,"spartanweaponry:wooden_scythe":38,"spartanweaponry:wooden_boomerang":16,"minecraft:cobblestone":106,"travelersbackpack:standard":3,"minecraft:smithing_table":1,"minecraft:bucket":32,"minecraft:air":1,"minecraft:bone_meal":36,"spartanweaponry:iron_scythe":110},"minecraft:dropped":{"minecraft:soul_sand":10,"minecraft:birch_planks":2,"minecraft:wheat_seeds":1,"minecraft:cobblestone":2,"spartanweaponry:stone_longsword":1,"travelersbackpack:standard":1,"spartanweaponry:wooden_boomerang":1,"minecraft:dirt":1,"minecraft:zombie_head":1,"minecraft:iron_pickaxe":1,"minecraft:string":2,"minecraft:acacia_planks":1,"minecraft:bone":3,"minecraft:gold_ingot":30,"spartanweaponry:iron_battle_hammer":1,"minecraft:birch_sapling":1,"minecraft:rotten_flesh":6,"minecraft:clay_ball":4,"spartanweaponry:stone_scythe":1,"travelersbackpack:gold_tier_upgrade":1,"minecraft:spruce_boat":1,"minecraft:chest":1,"minecraft:spider_eye":1,"minecraft:arrow":2,"minecraft:stone_pickaxe":1,"minecraft:crying_obsidian":2,"minecraft:netherrack":11},"minecraft:picked_up":{"minecraft:crafting_table":5,"minecraft:wheat":2,"minecraft:nether_brick_fence":1,"minecraft:clay_ball":4,"minecraft:smithing_table":1,"minecraft:string":2,"minecraft:zombie_head":1,"minecraft:blackstone":11,"minecraft:beef":19,"minecraft:sugar_cane":2,"minecraft:chest":1,"minecraft:birch_sapling":1,"minecraft:phantom_membrane":1,"minecraft:furnace":2,"minecraft:golden_helmet":1,"minecraft:stick":31,"minecraft:raw_iron":81,"minecraft:acacia_log":13,"minecraft:torch":3,"travelersbackpack:iron_tier_upgrade":1,"minecraft:fire_charge":2,"spartanweaponry:spider_head":1,"minecraft:cauldron":2,"minecraft:brown_carpet":2,"minecraft:arrow":12,"minecraft:rotten_flesh":15,"minecraft:gold_ingot":17,"minecraft:snowball":194,"minecraft:blaze_rod":13,"minecraft:mutton":32,"minecraft:obsidian":2,"minecraft:cod":2,"minecraft:cobblestone":157,"minecraft:white_wool":3,"minecraft:birch_log":35,"minecraft:leather":20,"minecraft:smoker":1,"minecraft:birch_planks":2,"spartanweaponry:stone_scythe":2,"minecraft:cobblestone_stairs":7,"minecraft:acacia_boat":2,"minecraft:gunpowder":3,"travelersbackpack:gold_tier_upgrade":1,"minecraft:dirt":155,"minecraft:glass":5,"minecraft:bone":10,"minecraft:acacia_planks":4,"minecraft:kelp":3,"minecraft:wheat_seeds":16,"minecraft:stone_pickaxe":1,"minecraft:acacia_sapling":6,"minecraft:soul_sand":19,"spartanweaponry:wooden_scythe":1,"minecraft:quartz":55,"spartanweaponry:blaze_head":5,"minecraft:sand":22,"minecraft:spruce_sapling":6,"minecraft:grass_block":1,"minecraft:spruce_log":24,"minecraft:crying_obsidian":2,"minecraft:spectral_arrow":7,"minecraft:spider_eye":2,"travelersbackpack:standard":1,"spartanweaponry:iron_battle_hammer":1,"minecraft:spruce_boat":1,"spartanweaponry:stone_longsword":1,"minecraft:spruce_sign":1,"minecraft:baked_potato":3,"minecraft:netherrack":96,"minecraft:coal":81},"minecraft:killed":{"minecraft:spider":3,"minecraft:phantom":1,"minecraft:skeleton":8,"minecraft:horse":4,"minecraft:drowned":2,"minecraft:polar_bear":3,"minecraft:sheep":3,"minecraft:zombie":11,"camocreepers:camo_creeper":2,"minecraft:wither_skeleton":5,"minecraft:enderman":1,"minecraft:cow":7,"minecraft:blaze":16},"minecraft:custom":{"minecraft:interact_with_smithing_table":10,"minecraft:mob_kills":66,"minecraft:interact_with_crafting_table":47,"minecraft:open_barrel":9,"minecraft:leave_game":4,"minecraft:time_since_death":160325,"minecraft:climb_one_cm":1813,"minecraft:sprint_one_cm":292544,"minecraft:walk_one_cm":274637,"minecraft:damage_blocked_by_shield":110,"minecraft:drop":58,"minecraft:play_time":172000,"minecraft:deaths":4,"minecraft:sneak_time":4077,"minecraft:walk_under_water_one_cm":11981,"minecraft:boat_one_cm":209868,"minecraft:jump":2292,"minecraft:walk_on_water_one_cm":9872,"minecraft:total_world_time":172000,"minecraft:interact_with_furnace":58,"minecraft:sleep_in_bed":2,"minecraft:time_since_rest":12812,"minecraft:damage_taken":4705,"minecraft:damage_dealt":11649,"minecraft:swim_one_cm":30373,"minecraft:fly_one_cm":443219,"minecraft:open_chest":69,"minecraft:crouch_one_cm":14898,"minecraft:interact_with_smoker":11,"minecraft:fall_one_cm":58498}},"DataVersion":3465}