{
  "minecraft:recipes/decorations/crafting_table": {
    "criteria": {
      "unlock_right_away": "2024-08-06 23:25:18 +0000"
    },
    "done": true
  },
  "minecraft:adventure/adventuring_time": {
    "criteria": {
      "minecraft:badlands": "2024-08-06 23:25:18 +0000",
      "minecraft:savanna": "2024-08-06 23:28:30 +0000",
      "minecraft:plains": "2024-08-06 23:39:09 +0000"
    },
    "done": false
  },
  "bakery:main/root": {
    "criteria": {
      "seeds": "2024-08-06 23:28:35 +0000"
    },
    "done": true
  },
  "bakery:recipes/oat_seeds": {
    "criteria": {
      "has_wheat_seeds": "2024-08-06 23:28:35 +0000"
    },
    "done": true
  },
  "DataVersion": 3465
}